# SQL 中的表联接

> [https://dev . to/stripes/table-joints-en-SQL-24 JD](https://dev.to/franiglesias/uniones-de-tablas-en-sql-24jd)的缩写形式

这是从遗忘中解救出来的物品。我是在 2010 年写的，作为学习 SQL 中表联接工作方式的一种方法。

利用数据库的关键之一是掌握包括表联接在内的复杂的欲望。但是，并不是所有的结合都是平等的，因此不会给我们带来同样的结果。

了解这一点的一个好方法是练习，因此建议您创建一些简单的表格，并启动“`queries`”作为实时查看每种**连接的结果的方法，从而了解它们对您可能有用的情况。他们不需要有很多字段，也不需要很多记录。**

 **数据库引擎是 MySQL。

## [](#preparando-el-entorno-de-pr%C3%A1cticas)准备实践环境

一个很好的例子可能是图书表格和作者之一，如:

```
CREATE TABLE `books` (
  `id` int(11) NOT NULL auto_increment,
  `title` varchar(200) default NULL,
  `author_id` int(11) default NULL,
PRIMARY KEY (`id`)
)

CREATE TABLE `authors` (
  `id` int(11) NOT NULL auto_increment,
  `author` varchar(200) default NULL,
PRIMARY KEY (`id`)
) 
```

<svg width="20px" height="20px" viewBox="0 0 24 24" class="highlight-action crayons-icon highlight-action--fullscreen-on"><title>Enter fullscreen mode</title></svg> <svg width="20px" height="20px" viewBox="0 0 24 24" class="highlight-action crayons-icon highlight-action--fullscreen-off"><title>Exit fullscreen mode</title></svg>

表的数据:

```
# Dump of table authors
# ------------------------------------------------------------

INSERT INTO `authors` (`id`,`author`) VALUES ('1','Cervantes');
INSERT INTO `authors` (`id`,`author`) VALUES ('2','García Márquez');
INSERT INTO `authors` (`id`,`author`) VALUES ('3','Saint-Exupery');

# Dump of table books
# ------------------------------------------------------------

INSERT INTO `books` (`id`,`title`,`author_id`) VALUES ('1','El quijote','1');
INSERT INTO `books` (`id`,`title`,`author_id`) VALUES ('2','100 años de soledad','2');
INSERT INTO `books` (`id`,`title`,`author_id`) VALUES ('3','El Principito','3'); 
```

<svg width="20px" height="20px" viewBox="0 0 24 24" class="highlight-action crayons-icon highlight-action--fullscreen-on"><title>Enter fullscreen mode</title></svg> <svg width="20px" height="20px" viewBox="0 0 24 24" class="highlight-action crayons-icon highlight-action--fullscreen-off"><title>Exit fullscreen mode</title></svg>

## [](#producto-cartesiano)笛卡儿产品

为了了解联接的工作原理，我们必须首先回顾我们在小学时学到的一个概念(好吧，我在 EGB 中学习):笛卡儿产品。你知道:给定两组 a 和 b，它们的笛卡尔乘积是另一组 C (A × B)，由所有有序对组成，其中对的第一个元素属于 a，对的第二个元素属于 b。

因此，`JOIN`基本上是笛卡尔的表乘积，即:一个新表，其中每个记录将第一个表中的一个记录与第二个表中的每个记录合并。

查询〔t0〕

```
SELECT * FROM books JOIN authors 
```

<svg width="20px" height="20px" viewBox="0 0 24 24" class="highlight-action crayons-icon highlight-action--fullscreen-on"><title>Enter fullscreen mode</title></svg> <svg width="20px" height="20px" viewBox="0 0 24 24" class="highlight-action crayons-icon highlight-action--fullscreen-off"><title>Exit fullscreen mode</title></svg>

它会给我们带来`books`和`authors`的所有可能组合(在我们的例子中是 9 个记录)。类似这样的东西:

```
+----+---------------------+-----------+----+----------------+
| id | title               | author_id | id | author         |
+----+---------------------+-----------+----+----------------+
| 1  | El quijote          |         1 |  1 | Cervantes      | 
| 2  | 100 años de soledad |         2 |  1 | Cervantes      | 
| 3  | El Principito       |         3 |  1 | Cervantes      | 
| 1  | El quijote          |         1 |  2 | García Márquez | 
| 2  | 100 años de soledad |         2 |  2 | García Márquez | 
| 3  | El Principito       |         3 |  2 | García Márquez | 
| 1  | El quijote          |         1 |  3 | Saint-Exupery  | 
| 2  | 100 años de soledad |         2 |  3 | Saint-Exupery  | 
| 3  | El Principito       |         3 |  3 | Saint-Exupery  | 
+----+---------------------+-----------+----+----------------+
9 rows in set (0,03 sec) 
```

<svg width="20px" height="20px" viewBox="0 0 24 24" class="highlight-action crayons-icon highlight-action--fullscreen-on"><title>Enter fullscreen mode</title></svg> <svg width="20px" height="20px" viewBox="0 0 24 24" class="highlight-action crayons-icon highlight-action--fullscreen-off"><title>Exit fullscreen mode</title></svg>

正如你可以设想的那样，这种结果对这种数据并不十分有用，尽管在很多情况下可能是有用的。

例如:在足球联赛这样的运动锦标赛中，我们将有一个“球队”表，其中列出了所有参赛球队的名称。

```
+----+------------+
| id | equipo     |
+----+------------+
|  1 | Barcelona  | 
|  2 | Madrid     | 
|  3 | Celta      | 
|  4 | Villarreal | 
+----+------------+
4 rows in set (0,02 sec) 
```

<svg width="20px" height="20px" viewBox="0 0 24 24" class="highlight-action crayons-icon highlight-action--fullscreen-on"><title>Enter fullscreen mode</title></svg> <svg width="20px" height="20px" viewBox="0 0 24 24" class="highlight-action crayons-icon highlight-action--fullscreen-off"><title>Exit fullscreen mode</title></svg>

那么，一个表本身的联接，将使我们获得冠军的所有比赛。是的，我们需要使用别名来避免 MySQL 错误。

```
SELECT * FROM equipos AS Local JOIN equipos AS Visitante

+----+------------+----+------------+
| id | equipo     | id | equipo     |
+----+------------+----+------------+
| 1  | Barcelona  |  1 | Barcelona  | 
| 2  | Madrid     |  1 | Barcelona  | 
| 3  | Celta      |  1 | Barcelona  | 
| 4  | Villarreal |  1 | Barcelona  | 
| 1  | Barcelona  |  2 | Madrid     | 
| 2  | Madrid     |  2 | Madrid     | 
| 3  | Celta      |  2 | Madrid     | 
| 4  | Villarreal |  2 | Madrid     | 
| 1  | Barcelona  |  3 | Celta      | 
| 2  | Madrid     |  3 | Celta      | 
| 3  | Celta      |  3 | Celta      | 
| 4  | Villarreal |  3 | Celta      | 
| 1  | Barcelona  |  4 | Villarreal | 
| 2  | Madrid     |  4 | Villarreal | 
| 3  | Celta      |  4 | Villarreal | 
| 4  | Villarreal |  4 | Villarreal | 
+----+------------+----+------------+
16 rows in set (0,03 sec) 
```

<svg width="20px" height="20px" viewBox="0 0 24 24" class="highlight-action crayons-icon highlight-action--fullscreen-on"><title>Enter fullscreen mode</title></svg> <svg width="20px" height="20px" viewBox="0 0 24 24" class="highlight-action crayons-icon highlight-action--fullscreen-off"><title>Exit fullscreen mode</title></svg>

但是，这种*查询*需要一定的限制才能完美，因为每台设备都是自己匹配的，所以我们可以添加条件从结果中删除这些配对。

```
SELECT * FROM equipos AS Local JOIN equipos AS Visitante WHERE Local.id != Visitante.id

+----+------------+----+------------+
| id | equipo     | id | equipo     |
+----+------------+----+------------+
| 2  | Madrid     | 1  | Barcelona  | 
| 3  | Celta      | 1  | Barcelona  | 
| 4  | Villarreal | 1  | Barcelona  | 
| 1  | Barcelona  | 2  | Madrid     | 
| 3  | Celta      | 2  | Madrid     | 
| 4  | Villarreal | 2  | Madrid     | 
| 1  | Barcelona  | 3  | Celta      | 
| 2  | Madrid     | 3  | Celta      | 
| 4  | Villarreal | 3  | Celta      | 
| 1  | Barcelona  | 4  | Villarreal | 
| 2  | Madrid     | 4  | Villarreal | 
| 3  | Celta      | 4  | Villarreal | 
+----+------------+----+------------+
12 rows in set (0,00 sec) 
```

<svg width="20px" height="20px" viewBox="0 0 24 24" class="highlight-action crayons-icon highlight-action--fullscreen-on"><title>Enter fullscreen mode</title></svg> <svg width="20px" height="20px" viewBox="0 0 24 24" class="highlight-action crayons-icon highlight-action--fullscreen-off"><title>Exit fullscreen mode</title></svg>

## [](#inner-join)内部连接

这种给予我们笛卡儿产品的`JOINS`是`INNER`型的，从中我们能得到的结果总是在那个笛卡儿产品内。

如前所述，这种结果在某些情况下并不十分有用。再回到我们的书籍和作者的例子，查询以各种可能的方式将作品和作者配对，这与现实不符。我们的系统需要更好地了解世界，并且能够在合并表格时使用它。

我们的表格`books`有`author_id`栏位，外来键告诉我们每本书对应的作者。∞纸张可以在表格组合中发挥作用吗？

`JOIN`支持`ON`条款，以定义两个记录合并时应使用的条件。在我们的例子中，`books.author_id`栏位必须与`author.id`栏位相符，我们表示如下:

```
SELECT * FROM books INNER JOIN authors ON books.author_id = authors.id

+----+---------------------+-----------+----+----------------+
| id | title               | author_id | id | author         |
+----+---------------------+-----------+----+----------------+
| 1  | El quijote          |         1 |  1 | Cervantes      | 
| 2  | 100 años de soledad |         2 |  2 | García Márquez | 
| 3  | El Principito       |         3 |  3 | Saint-Exupery  | 
+----+---------------------+-----------+----+----------------+
3 rows in set (0,05 sec) 
```

<svg width="20px" height="20px" viewBox="0 0 24 24" class="highlight-action crayons-icon highlight-action--fullscreen-on"><title>Enter fullscreen mode</title></svg> <svg width="20px" height="20px" viewBox="0 0 24 24" class="highlight-action crayons-icon highlight-action--fullscreen-off"><title>Exit fullscreen mode</title></svg>

这样，*查询*会将与作者正确配对的书籍还给我们。

我们可以添加条款`WHERE`以指定限制数据搜索的条件，该条件可以使用组合表中的字段。于是，我们可以按作者的名字搜索一本书，尽管这一数据并不在`books`表中。

```
SELECT * FROM books INNER JOIN authors ON books.author_id = authors.id WHERE authors.author = 'Cervantes'

+----+------------+-----------+----+-----------+
| id | title      | author_id | id | author    |
+----+------------+-----------+----+-----------+
| 1  | El quijote |         1 |  1 | Cervantes | 
+----+------------+-----------+----+-----------+
1 row in set (0,00 sec) 
```

<svg width="20px" height="20px" viewBox="0 0 24 24" class="highlight-action crayons-icon highlight-action--fullscreen-on"><title>Enter fullscreen mode</title></svg> <svg width="20px" height="20px" viewBox="0 0 24 24" class="highlight-action crayons-icon highlight-action--fullscreen-off"><title>Exit fullscreen mode</title></svg>

将`ON`和`WHERE`组合起来，我们可能会产生这样的疑问:是把条件放在`ON`还是`WHERE`上比较好。

实际规则是在`ON`中规定决定记录应匹配的条件，在`WHERE`中规定筛选或限制结果的条件。数据库首先生成临时表，然后进行筛选。

## [](#left-join)左连接

我们可能在一个表格中有数据，而在另一个表格中没有关联的记录。例如，我们在我们的 books 表中添加了一本新书，但我们不知道它的作者(或匿名)。

现在，如果我们订购一份所有用上述“T0”查询向作者注册的书籍的清单，我们会看到没有作者的书籍不会出现。∞天啊！在许多情况下，我们对这种行为并不感兴趣，即使我们不知道作者是谁，我们也希望拥有整份书籍清单。

为此我们使用`LEFT JOIN`。

此组合会从第一个表格(或左/左表格)中取得所有有效记录，并将其与另一个表格(右表格)中的记录合并。如果没有可以合并的记录，则将其与所有字段都位于`NULL`的新记录合并。

在我们目前的数据中，我们有三本书，并认识了相应的作者，所以当你向数据库查询资料时，会把这个结果还给我们:

```
SELECT * FROM books LEFT JOIN authors ON books.author_id = authors.id

+----+---------------------+-----------+------+----------------+
| id | title               | author_id | id   | author         |
+----+---------------------+-----------+------+----------------+
| 1  | El quijote          |         1 |    1 | Cervantes      | 
| 2  | 100 años de soledad |         2 |    2 | García Márquez | 
| 3  | El Principito       |         3 |    3 | Saint-Exupery  | 
+----+---------------------+-----------+------+----------------+
3 rows in set (0,00 sec) 
```

<svg width="20px" height="20px" viewBox="0 0 24 24" class="highlight-action crayons-icon highlight-action--fullscreen-on"><title>Enter fullscreen mode</title></svg> <svg width="20px" height="20px" viewBox="0 0 24 24" class="highlight-action crayons-icon highlight-action--fullscreen-off"><title>Exit fullscreen mode</title></svg>

现在我们将介绍一本我们不知道作者
的新书

```
INSERT INTO books (title) values ('Lazarillo de Tormes'); 
```

<svg width="20px" height="20px" viewBox="0 0 24 24" class="highlight-action crayons-icon highlight-action--fullscreen-on"><title>Enter fullscreen mode</title></svg> <svg width="20px" height="20px" viewBox="0 0 24 24" class="highlight-action crayons-icon highlight-action--fullscreen-off"><title>Exit fullscreen mode</title></svg>

我们再次提出同样的要求。这是结果:

```
+----+---------------------+-----------+------+----------------+
| id | title               | author_id | id   | author         |
+----+---------------------+-----------+------+----------------+
| 1  | El quijote          |         1 |    1 | Cervantes      | 
| 2  | 100 años de soledad |         2 |    2 | García Márquez | 
| 3  | El Principito       |         3 |    3 | Saint-Exupery  | 
| 4  | Lazarillo de Tormes |      NULL | NULL | NULL           | 
+----+---------------------+-----------+------+----------------+
4 rows in set (0,00 sec) 
```

<svg width="20px" height="20px" viewBox="0 0 24 24" class="highlight-action crayons-icon highlight-action--fullscreen-on"><title>Enter fullscreen mode</title></svg> <svg width="20px" height="20px" viewBox="0 0 24 24" class="highlight-action crayons-icon highlight-action--fullscreen-off"><title>Exit fullscreen mode</title></svg>

数据库在“`authors`”中找不到可与□匹配的记录，但使用〖t1〗〗〗时，还会将这本书还给我们，尽管留下〖T2〗的字段未定义。这对我们很有用，因为这样我们就可以知道我们有哪些书籍，而不管我们是否有作者数据。与`INNER JOIN`相同的请求会给我们以下结果:

```
SELECT * FROM books INNER JOIN authors ON books.author_id = authors.id;

+----+---------------------+-----------+----+----------------+
| id | title               | author_id | id | author         |
+----+---------------------+-----------+----+----------------+
| 1  | El quijote          |         1 |  1 | Cervantes      | 
| 2  | 100 años de soledad |         2 |  2 | García Márquez | 
| 3  | El Principito       |         3 |  3 | Saint-Exupery  | 
+----+---------------------+-----------+----+----------------+
3 rows in set (0,00 sec) 
```

<svg width="20px" height="20px" viewBox="0 0 24 24" class="highlight-action crayons-icon highlight-action--fullscreen-on"><title>Enter fullscreen mode</title></svg> <svg width="20px" height="20px" viewBox="0 0 24 24" class="highlight-action crayons-icon highlight-action--fullscreen-off"><title>Exit fullscreen mode</title></svg>

你看到区别了吗？`INNER JOIN`只返回笛卡尔乘积的结果(也就是说，返回两个表中的成对记录)。取表中的记录，并与表中符合`ON`条件的相应记录合并，如果不存在，则忽略该行。

使用`LEFT JOIN`可说是从左表中取所有相关记录(如存在则满足`WHERE`条件)，并与表中相应的记录合并，无论是否存在符合`ON`条件的记录。

## [](#right-join)右加入

如果你明白了`LEFT JOIN`的意思，你肯定能推断出`RIGHT JOIN`的意思。精确:在这种情况下，将从表中的记录开始，并检查表中是否有符合 ON 条件的记录。如果找不到，则将其字段设置为 NULL。

为了能在行动中看到它，我们需要在我们的表中添加一个没有书的`author`。

```
INSERT authors (author) values ('Quevedo') 
```

<svg width="20px" height="20px" viewBox="0 0 24 24" class="highlight-action crayons-icon highlight-action--fullscreen-on"><title>Enter fullscreen mode</title></svg> <svg width="20px" height="20px" viewBox="0 0 24 24" class="highlight-action crayons-icon highlight-action--fullscreen-off"><title>Exit fullscreen mode</title></svg>

接下来，我们以`RIGHT JOIN` :
执行一项请求

```
SELECT * FROM books RIGHT JOIN authors ON books.author_id = authors.id; 
```

<svg width="20px" height="20px" viewBox="0 0 24 24" class="highlight-action crayons-icon highlight-action--fullscreen-on"><title>Enter fullscreen mode</title></svg> <svg width="20px" height="20px" viewBox="0 0 24 24" class="highlight-action crayons-icon highlight-action--fullscreen-off"><title>Exit fullscreen mode</title></svg>

结果是:

```
+------+---------------------+-----------+----+----------------+
| id   | title               | author_id | id | author         |
+------+---------------------+-----------+----+----------------+
| 1    | El quijote          |         1 |  1 | Cervantes      | 
| 2    | 100 años de soledad |         2 |  2 | García Márquez | 
| 3    | El Principito       |         3 |  3 | Saint-Exupery  | 
| NULL | NULL                |      NULL |  4 | Quevedo        | 
+------+---------------------+-----------+----+----------------+
4 rows in set (0,00 sec) 
```

<svg width="20px" height="20px" viewBox="0 0 24 24" class="highlight-action crayons-icon highlight-action--fullscreen-on"><title>Enter fullscreen mode</title></svg> <svg width="20px" height="20px" viewBox="0 0 24 24" class="highlight-action crayons-icon highlight-action--fullscreen-off"><title>Exit fullscreen mode</title></svg>

如预期的那样，`author`的记录会与`NULL`上的 books 表格字段一起显示。

## [](#relaciones-muchos-a-muchos)多对多关系

这种关系需要一个使我们能够关联记录对的临时表(`join table`。左右表与`join table`有一对一的关系。因此，我们要用`join table`把左边的表格加上右边的表格。

### [](#etiquetar-libros)对书籍贴标签

让我们继续我们的例子，在我们的系统中添加一个表`tags`，这样我们就可以用各种描述性词语标记每本书。例如这样:

```
CREATE TABLE `tags` (
  `id` int(11) NOT NULL auto_increment,
  `tag` varchar(200) default NULL,
  PRIMARY KEY (`id`)
) 
```

<svg width="20px" height="20px" viewBox="0 0 24 24" class="highlight-action crayons-icon highlight-action--fullscreen-on"><title>Enter fullscreen mode</title></svg> <svg width="20px" height="20px" viewBox="0 0 24 24" class="highlight-action crayons-icon highlight-action--fullscreen-off"><title>Exit fullscreen mode</title></svg>

并介绍一些数值，使表如下:

```
+----+-----------------------+
| id | tag                   |
+----+-----------------------+
| 1  | Novela                | 
| 2  | Lit. Castellana       | 
| 3  | Lit. Hispanoamericana | 
| 4  | Lit. Francesa         | 
| 5  | Poesia                | 
+----+-----------------------+
5 rows in set (0,00 sec) 
```

<svg width="20px" height="20px" viewBox="0 0 24 24" class="highlight-action crayons-icon highlight-action--fullscreen-on"><title>Enter fullscreen mode</title></svg> <svg width="20px" height="20px" viewBox="0 0 24 24" class="highlight-action crayons-icon highlight-action--fullscreen-off"><title>Exit fullscreen mode</title></svg>

一个连续的创造

```
CREATE TABLE `books_tags` (
  `books_id` int(11) not null,
  `tags_id` int(11) not null); 
```

<svg width="20px" height="20px" viewBox="0 0 24 24" class="highlight-action crayons-icon highlight-action--fullscreen-on"><title>Enter fullscreen mode</title></svg> <svg width="20px" height="20px" viewBox="0 0 24 24" class="highlight-action crayons-icon highlight-action--fullscreen-off"><title>Exit fullscreen mode</title></svg>

而人们为了把我们的书和他们相应的`tags`联系起来，我们会留下这样的东西:

```
+----------+---------+
| books_id | tags_id |
+----------+---------+
| 1        | 1       | 
| 2        | 1       | 
| 3        | 1       | 
| 4        | 1       | 
| 1        | 2       | 
| 4        | 2       | 
| 2        | 3       | 
| 3        | 4       | 
+----------+---------+
8 rows in set (0,00 sec) 
```

<svg width="20px" height="20px" viewBox="0 0 24 24" class="highlight-action crayons-icon highlight-action--fullscreen-on"><title>Enter fullscreen mode</title></svg> <svg width="20px" height="20px" viewBox="0 0 24 24" class="highlight-action crayons-icon highlight-action--fullscreen-off"><title>Exit fullscreen mode</title></svg>

现在我们可以通过合并表开始工作了。事实上很简单:我们定义了一个子句`JOIN`与我们要合并的每个表。例如:

```
SELECT * FROM books JOIN books_tags JOIN tags; 
```

<svg width="20px" height="20px" viewBox="0 0 24 24" class="highlight-action crayons-icon highlight-action--fullscreen-on"><title>Enter fullscreen mode</title></svg> <svg width="20px" height="20px" viewBox="0 0 24 24" class="highlight-action crayons-icon highlight-action--fullscreen-off"><title>Exit fullscreen mode</title></svg>

此*查询*具体可使用缩写而非连接:

```
SELECT * FROM books, books_tags, tags; 
```

<svg width="20px" height="20px" viewBox="0 0 24 24" class="highlight-action crayons-icon highlight-action--fullscreen-on"><title>Enter fullscreen mode</title></svg> <svg width="20px" height="20px" viewBox="0 0 24 24" class="highlight-action crayons-icon highlight-action--fullscreen-off"><title>Exit fullscreen mode</title></svg>

以上请求将返回三表的笛卡尔乘积(不少于 160 行)。因为表是相关的，所以我们可以在主键字段和外键字段上使用语句

```
SELECT title, tag 
FROM books 
    JOIN books_tags ON books.id = books_tags.books_id 
    JOIN tags ON books_tags.tags_id = tags.id; 
```

<svg width="20px" height="20px" viewBox="0 0 24 24" class="highlight-action crayons-icon highlight-action--fullscreen-on"><title>Enter fullscreen mode</title></svg> <svg width="20px" height="20px" viewBox="0 0 24 24" class="highlight-action crayons-icon highlight-action--fullscreen-off"><title>Exit fullscreen mode</title></svg>

也就是说，当`books.id`和`books_tags.books_id`相匹配时，我们将`books`表与`books_tags`表合并，当`books_tags.tags.id`和`tags.id`相匹配时，我们将依次将`books_tags.books_id`表与`tags`表合并。

结果我把它限制在`title`和`tag`等领域，以便看得更清楚:

```
+---------------------+-----------------------+
| title               | tag                   |
+---------------------+-----------------------+
| El quijote          | Novela                | 
| El quijote          | Lit. Castellana       | 
| 100 años de soledad | Novela                | 
| 100 años de soledad | Lit. Hispanoamericana | 
| El Principito       | Novela                | 
| El Principito       | Lit. Francesa         | 
| Lazarillo de Tormes | Novela                | 
| Lazarillo de Tormes | Lit. Castellana       | 
+---------------------+-----------------------+
8 rows in set (0,00 sec) 
```

<svg width="20px" height="20px" viewBox="0 0 24 24" class="highlight-action crayons-icon highlight-action--fullscreen-on"><title>Enter fullscreen mode</title></svg> <svg width="20px" height="20px" viewBox="0 0 24 24" class="highlight-action crayons-icon highlight-action--fullscreen-off"><title>Exit fullscreen mode</title></svg>

将作者纳入此要求？让我们来看看(也加入了`author`栏位和排序记录的条款，以便更好地欣赏结果):

```
SELECT title, author, tag 
FROM books 
    JOIN authors ON books.author_id = authors.id 
    JOIN books_tags ON books.id = books_tags.books_id 
    JOIN tags ON books_tags.tags_id = tags.id 
ORDER BY title;

+---------------------+----------------+-----------------------+
| title               | author         | tag                   |
+---------------------+----------------+-----------------------+
| 100 años de soledad | García Márquez | Lit. Hispanoamericana | 
| 100 años de soledad | García Márquez | Novela                | 
| El Principito       | Saint-Exupery  | Novela                | 
| El Principito       | Saint-Exupery  | Lit. Francesa         | 
| El quijote          | Cervantes      | Novela                | 
| El quijote          | Cervantes      | Lit. Castellana       | 
+---------------------+----------------+-----------------------+
6 rows in set (0,00 sec) 
```

<svg width="20px" height="20px" viewBox="0 0 24 24" class="highlight-action crayons-icon highlight-action--fullscreen-on"><title>Enter fullscreen mode</title></svg> <svg width="20px" height="20px" viewBox="0 0 24 24" class="highlight-action crayons-icon highlight-action--fullscreen-off"><title>Exit fullscreen mode</title></svg>

当然，您可以根据需要使用`RIGHT JOIN`和`RIGHT JOIN`，例如，获取书籍及其标签的完整列表:

```
SELECT title, author, tag 
FROM books 
    LEFT JOIN authors ON books.author_id = authors.id 
    JOIN books_tags ON books.id = books_tags.books_id 
    JOIN tags ON books_tags.tags_id = tags.id 
ORDER BY title; 
```

<svg width="20px" height="20px" viewBox="0 0 24 24" class="highlight-action crayons-icon highlight-action--fullscreen-on"><title>Enter fullscreen mode</title></svg> <svg width="20px" height="20px" viewBox="0 0 24 24" class="highlight-action crayons-icon highlight-action--fullscreen-off"><title>Exit fullscreen mode</title></svg>

你应该在多大程度上使用`left`或`right`，取决于你是需要从左表还是右表中获取所有可能的记录，还是只需要从两个表中都有数据的记录。

现在让我们来看看如何找到符合标签的书。我们先合并表格，然后在`WHERE`中只需指出我们要选择的标签:

```
SELECT title, author, tag 
FROM books 
    LEFT JOIN authors ON books.author_id = authors.id 
    JOIN books_tags ON books.id = books_tags.books_id 
    JOIN tags ON books_tags.tags_id = tags.id 
WHERE tags.tag = 'Novela'
ORDER BY title;

+---------------------+----------------+--------+
| title               | author         | tag    |
+---------------------+----------------+--------+
| 100 años de soledad | García Márquez | Novela | 
| El Principito       | Saint-Exupery  | Novela | 
| El quijote          | Cervantes      | Novela | 
| Lazarillo de Tormes | NULL           | Novela | 
+---------------------+----------------+--------+
4 rows in set (0,00 sec) 
```

<svg width="20px" height="20px" viewBox="0 0 24 24" class="highlight-action crayons-icon highlight-action--fullscreen-on"><title>Enter fullscreen mode</title></svg> <svg width="20px" height="20px" viewBox="0 0 24 24" class="highlight-action crayons-icon highlight-action--fullscreen-off"><title>Exit fullscreen mode</title></svg>

也可以是另一个标签，当然。例如，我们有哪些卡斯蒂利亚文学书籍:

```
SELECT title, author, tag 
FROM books 
    LEFT JOIN authors ON books.author_id = authors.id 
    JOIN books_tags ON books.id = books_tags.books_id 
    JOIN tags ON books_tags.tags_id = tags.id 
WHERE tags.tag = 'Lit. Castellana'
ORDER BY title; 
```

<svg width="20px" height="20px" viewBox="0 0 24 24" class="highlight-action crayons-icon highlight-action--fullscreen-on"><title>Enter fullscreen mode</title></svg> <svg width="20px" height="20px" viewBox="0 0 24 24" class="highlight-action crayons-icon highlight-action--fullscreen-off"><title>Exit fullscreen mode</title></svg>

结果如何:

```
+---------------------+-----------+-----------------+
| title               | author    | tag             |
+---------------------+-----------+-----------------+
| El quijote          | Cervantes | Lit. Castellana | 
| Lazarillo de Tormes | NULL      | Lit. Castellana | 
+---------------------+-----------+-----------------+
2 rows in set (0,00 sec) 
```

<svg width="20px" height="20px" viewBox="0 0 24 24" class="highlight-action crayons-icon highlight-action--fullscreen-on"><title>Enter fullscreen mode</title></svg> <svg width="20px" height="20px" viewBox="0 0 24 24" class="highlight-action crayons-icon highlight-action--fullscreen-off"><title>Exit fullscreen mode</title></svg>

你可以看到，除了通过多个`join`指定表格组合的小麻烦之外，工作相当简单。**